MEDIA_ID,MEDIA_NAME,CNT,TIME(2023/11/17 10:49:51.213),TIMETICK(f=10000000),FPOGX,FPOGY,FPOGS,FPOGD,FPOGID,FPOGV,BPOGX,BPOGY,BPOGV,CX,CY,CS,KB,KBS,USER,LPCX,LPCY,LPD,LPS,LPV,RPCX,RPCY,RPD,RPS,RPV,BKID,BKDUR,BKPMIN,LPMM,LPMMV,RPMM,RPMMV,DIAL,DIALV,GSR,GSRV,HR,HRV,HRP,IBI,TTL0,TTL1,TTL2,TTL3,TTL4,TTL5,TTL6,TTLV,PIXS,PIXV,AOI,SACCADE_MAG,SACCADE_DIR,VID_FRAME,
0,ASRF study,19,0.30713,881284211626,0.50031,0.93520,0.00000,0.30713,2,1,0.48740,0.99391,1,-0.83281,0.10254,0, ,0,,0.38593,0.95892,17.03975,0.87533,1,0.57013,0.95024,14.48407,0.87533,1,0,0.00000,11,6.13570,1,5.50352,1,0.00000,0,0,0,0,0,0,0.000,1,1,1,1,1,1,1,0,0.00000,0,,0.00000,0.00000,0,
0,ASRF study,46,0.74390,881288579310,0.49891,1.01170,0.32373,0.42017,3,1,0.49602,0.98217,1,-0.83281,0.10254,0, ,0,,0.38738,0.96307,18.14119,0.87533,1,0.57173,0.95203,15.41340,0.87533,1,0,0.00000,11,6.25993,1,5.73317,1,0.00000,0,0,0,0,0,0,0.000,1,1,1,1,1,1,1,0,0.00000,0,,78.35655,268.68954,0,
0,ASRF study,81,1.31030,881294242950,0.57584,1.21650,0.80896,0.50134,4,1,0.39613,1.12990,1,-0.83281,0.10254,0, ,0,,0.38296,0.96365,17.53179,0.98471,1,0.56687,0.95260,14.21405,1.00033,1,0,0.00000,11,6.39413,1,5.66112,1,0.00000,0,0,0,0,0,0,0.000,1,1,1,1,1,1,1,0,0.00000,0,,231.68272,295.15210,0,
0,ASRF study,101,1.63379,881297477703,0.43296,0.92821,1.37488,0.25891,5,1,0.39433,0.88237,1,-0.83281,0.10254,0, ,0,,0.38030,0.96316,18.49117,1.16700,1,0.56452,0.95093,15.42455,1.16700,1,0,0.00000,11,6.65808,1,5.92042,1,0.00000,0,0,0,0,0,0,0.000,1,1,1,1,1,1,1,0,0.00000,0,,347.26904,121.77885,0,
0,ASRF study,127,2.05420,881301682723,0.42947,0.90314,1.64941,0.40479,6,1,0.39088,0.82043,1,-0.83281,0.10254,0, ,0,,0.37828,0.96315,18.91522,1.00033,1,0.56284,0.95043,14.90829,1.00033,1,0,0.00000,11,6.45675,1,5.67778,1,0.00000,0,0,0,0,0,0,0.000,1,1,1,1,1,1,1,0,0.00000,0,,26.05746,99.87126,0,
0,ASRF study,152,2.45837,881305723634,0.44078,0.85739,2.07043,0.38794,7,1,0.52619,0.83970,1,-0.83281,0.10254,0, ,0,,0.38010,0.96182,18.31491,1.00033,1,0.56470,0.94965,14.15199,1.00033,1,0,0.00000,11,6.37230,1,5.39630,1,0.00000,0,0,0,0,0,0,0.000,1,1,1,1,1,1,1,0,0.00000,0,,49.03382,72.82800,0,
0,ASRF study,167,2.70117,881308152116,0.42771,0.78591,2.47449,0.22668,8,1,0.41169,0.70801,1,-0.83281,0.10254,0, ,0,,0.37803,0.96210,18.73783,1.00033,1,0.56266,0.94923,15.02051,1.00033,1,0,0.00000,11,6.30464,1,5.25081,1,0.00000,0,0,0,0,0,0,0.000,1,1,1,1,1,1,1,0,0.00000,0,,75.08302,102.87442,0,
0,ASRF study,203,3.28345,881313975325,0.43643,0.74620,2.71741,0.56604,9,1,0.40670,0.71300,1,-0.83281,0.10254,0, ,0,,0.37819,0.96221,18.49907,1.00033,1,0.56273,0.94918,14.26803,1.00033,1,0,0.00000,11,6.09270,1,5.07083,1,0.00000,0,0,0,0,0,0,0.000,1,1,1,1,1,1,1,0,0.00000,0,,42.16709,74.65088,0,
0,ASRF study,238,3.84973,881319637266,0.58151,1.09170,3.34802,0.50171,10,1,0.60856,1.14561,1,-0.83281,0.10254,0, ,0,,0.37887,0.97013,17.03657,1.00033,1,0.56560,0.95867,7.89542,1.00033,1,0,0.00000,11,5.90900,1,3.91886,1,0.00000,0,0,0,0,0,0,0.000,1,1,1,1,1,1,1,0,0.00000,0,,399.56741,297.69461,0,
0,ASRF study,267,4.31860,881324326859,0.61637,1.17912,4.05981,0.25879,11,1,0.70505,1.24949,1,-0.83281,0.10254,0, ,0,,0.36540,0.97333,16.93057,1.00033,1,0.55160,0.95873,7.56286,1.00033,1,0,0.00000,11,5.87972,1,3.96512,1,0.00000,0,0,0,0,0,0,0.000,1,1,1,1,1,1,1,0,0.00000,0,,100.02249,296.49423,0,
0,ASRF study,280,4.52844,881326425094,0.50573,1.12939,4.33484,0.19360,12,1,0.32190,1.06656,1,-0.83281,0.10254,0, ,0,,0.36472,0.97132,16.67517,1.00033,1,0.54933,0.95425,11.19044,1.00033,1,0,0.00000,11,6.38069,1,4.93105,1,0.00000,0,0,0,0,0,0,0.000,1,1,1,1,1,1,1,0,0.00000,0,,150.49657,160.22243,0,
0,ASRF study,299,4.83594,881329499171,0.44008,1.00624,4.54492,0.29102,13,1,0.28340,0.97820,1,-0.83281,0.10254,0, ,0,,0.36758,0.96692,17.45609,1.00033,1,0.55099,0.95119,11.66852,1.00033,1,0,0.00000,11,6.07411,1,4.74051,1,0.00000,0,0,0,0,0,0,0.000,1,1,1,1,1,1,1,0,0.00000,0,,151.53876,123.67798,0,
0,ASRF study,312,5.04639,881331604500,0.43426,1.00075,4.85242,0.19397,14,1,0.60298,1.02910,1,-0.83281,0.10254,0, ,0,,0.36577,0.96733,16.38640,0.98471,1,0.54949,0.95122,10.67700,0.96908,1,0,0.00000,11,5.75982,1,4.64174,1,0.00000,0,0,0,0,0,0,0.000,1,1,1,1,1,1,1,0,0.00000,0,,9.33280,142.95999,0,
0,ASRF study,328,5.30505,881334190319,0.27326,0.93956,5.06274,0.24231,15,1,0.04444,0.73048,1,-0.83281,0.10254,0, ,0,,0.36315,0.96611,15.60835,1.16700,1,0.54629,0.94914,9.94148,1.16700,1,0,0.00000,11,5.57791,1,4.11878,1,0.00000,0,0,0,0,0,0,0.000,1,1,1,1,1,1,1,0,0.00000,0,,215.39511,163.08812,0,
0,ASRF study,354,5.72534,881338394142,0.28366,0.87250,5.51526,0.21008,16,1,0.31283,1.02283,1,-0.83281,0.10254,0, ,0,,0.36630,0.96722,17.57372,1.16700,1,0.54989,0.95122,11.48821,1.16700,1,0,0.00000,11,5.68824,1,4.46049,1,0.00000,0,0,0,0,0,0,0.000,1,1,1,1,1,1,1,0,0.00000,0,,69.94784,79.02895,0,
0,ASRF study,375,6.06519,881341791874,0.59410,1.16798,5.79041,0.27478,17,1,0.60085,1.10752,1,-0.83281,0.10254,0, ,0,,0.36544,0.96831,15.64983,1.16700,1,0.54993,0.95347,6.66268,1.16700,0,0,0.00000,11,5.47198,1,3.21983,0,0.00000,0,0,0,0,0,0,0.000,1,1,1,1,1,1,1,0,0.00000,0,,499.44672,322.71262,0,
0,ASRF study,398,6.43750,881345514762,0.37843,0.87424,6.22729,0.21021,18,1,0.26796,0.79667,1,-0.83281,0.10254,0, ,0,,0.36338,0.96600,14.63876,1.16700,1,0.54993,0.95347,6.66268,1.16700,0,0,0.00000,11,5.39760,1,3.21983,0,0.00000,0,0,0,0,0,0,0.000,1,1,1,1,1,1,1,0,0.00000,0,,408.26736,132.54497,0,
0,ASRF study,421,6.80908,881349231164,0.19598,0.84791,6.59888,0.21021,19,1,0.13148,0.85727,1,-0.83281,0.10254,0, ,0,,0.35557,0.96746,15.81348,1.16700,1,0.53888,0.94958,8.37253,1.16700,1,0,0.00000,11,5.35982,1,3.89790,1,0.00000,0,0,0,0,0,0,0.000,1,1,1,1,1,1,1,0,0.00000,0,,235.08725,173.41431,0,
0,ASRF study,448,7.24585,881353598270,0.17420,0.86822,6.82544,0.42041,20,1,0.10846,0.85352,1,-0.83281,0.10254,0, ,0,,0.35994,0.96583,15.84056,1.16700,1,0.54359,0.94869,8.89439,1.16700,1,0,0.00000,11,5.73230,1,4.09086,1,0.00000,0,0,0,0,0,0,0.000,1,1,1,1,1,1,1,0,0.00000,0,,34.78129,216.72313,0,
0,ASRF study,461,7.45654,881355705714,0.22012,0.92524,7.26196,0.19458,21,1,1.02094,1.09102,1,-0.83281,0.10254,0, ,0,,0.36042,0.96619,16.01067,1.16700,1,0.54405,0.94917,8.91212,1.16700,1,0,0.00000,11,5.78977,1,4.24716,1,0.00000,0,0,0,0,0,0,0.000,1,1,1,1,1,1,1,0,0.00000,0,,82.84940,315.19028,0,
0,ASRF study,485,7.84436,881359584408,0.21310,0.90679,7.52075,0.32361,22,1,0.25511,0.94784,1,-0.83281,0.10254,0, ,0,,0.36114,0.96569,15.92801,1.16700,1,0.54474,0.94883,9.07461,1.16700,1,0,0.00000,11,5.81441,1,4.17030,1,0.00000,0,0,0,0,0,0,0.000,1,1,1,1,1,1,1,0,0.00000,0,,20.92074,115.43624,0,
0,ASRF study,498,8.05493,881361689496,0.28684,0.87902,7.86084,0.19409,23,1,0.26428,0.81517,0,-0.83281,0.10254,0, ,0,,0.36149,0.96519,16.22220,1.16700,0,0.54499,0.94861,9.04558,1.16700,0,151,0.00000,11,5.98428,0,4.58587,0,0.00000,0,0,0,0,0,0,0.000,1,1,1,1,1,1,1,0,0.00000,0,,98.57776,16.76626,0,
0,ASRF study,519,8.39404,881365081152,0.24461,0.92679,8.16797,0.22607,24,1,0.13400,0.85617,1,-0.83281,0.10254,0, ,0,,0.36247,0.96409,16.27401,1.16700,1,0.54604,0.94743,9.38785,1.16700,1,0,0.00000,12,5.82407,1,4.31935,1,0.00000,0,0,0,0,0,0,0.000,1,1,1,1,1,1,1,0,0.00000,0,,72.90199,222.14352,0,
0,ASRF study,554,8.96045,881370744770,0.39242,0.78069,8.75012,0.21033,25,1,0.26133,0.79352,1,-0.83281,0.10254,0, ,0,,0.36376,0.96304,16.99987,1.16700,1,0.54842,0.94692,9.26179,1.16700,1,0,0.00000,12,5.73117,1,4.19248,1,0.00000,0,0,0,0,0,0,0.000,1,1,1,1,1,1,1,0,0.00000,0,,241.20013,38.33500,0,
0,ASRF study,573,9.26794,881373819544,0.28198,0.79277,9.02527,0.24268,26,1,0.07430,0.80770,1,-0.83281,0.10254,0, ,0,,0.36247,0.96347,16.25749,1.16700,1,0.54681,0.94694,9.21859,1.16700,1,0,0.00000,12,5.62019,1,4.19818,1,0.00000,0,0,0,0,0,0,0.000,1,1,1,1,1,1,1,0,0.00000,0,,141.90337,185.00090,0,
0,ASRF study,590,9.54248,881376565665,0.31289,0.84240,9.28418,0.25830,27,1,0.23122,0.78912,1,-0.83281,0.10254,0, ,0,,0.36322,0.96303,16.80419,1.16700,1,0.54718,0.94670,9.56450,1.16700,1,0,0.00000,12,5.78211,1,4.58739,1,0.00000,0,0,0,0,0,0,0.000,1,1,1,1,1,1,1,0,0.00000,0,,64.40619,307.90115,0,
0,ASRF study,613,9.91492,881380289151,0.35316,0.77615,9.65576,0.25916,28,1,0.42643,0.86739,1,-0.83281,0.10254,0, ,0,,0.36319,0.96262,16.44605,1.00033,1,0.54813,0.94661,9.00263,1.00033,1,0,0.00000,12,5.29996,1,4.14795,1,0.00000,0,0,0,0,0,0,0.000,1,1,1,1,1,1,1,0,0.00000,0,,85.20104,52.77203,0,
0,ASRF study,631,10.20569,881383196650,0.35334,0.78465,9.93103,0.27466,29,1,0.33094,0.82062,1,-0.83281,0.10254,0, ,0,,0.36390,0.96213,15.86028,1.00033,1,0.54834,0.94628,8.22507,1.00033,1,0,0.00000,12,5.44661,1,3.75590,1,0.00000,0,0,0,0,0,0,0.000,1,1,1,1,1,1,1,0,0.00000,0,,8.70709,271.51636,0,
0,ASRF study,654,10.57800,881386920454,0.35662,0.81075,10.36780,0.21021,30,1,0.44745,1.11703,1,-0.83281,0.10254,0, ,0,,0.36317,0.96240,16.13331,1.00033,1,0.54833,0.94672,8.77094,1.00033,1,0,0.00000,12,5.43218,1,4.44974,1,0.00000,0,0,0,0,0,0,0.000,1,1,1,1,1,1,1,0,0.00000,0,,27.05413,278.92758,0,
0,ASRF study,673,10.88538,881389993549,0.46292,0.82076,10.73950,0.14587,31,1,0.47001,0.89093,1,-0.83281,0.10254,0, ,0,,0.36415,0.96179,16.18904,0.92221,1,0.54859,0.94556,9.58604,0.93783,1,0,0.00000,12,5.50659,1,3.89109,1,0.00000,0,0,0,0,0,0,0.000,1,1,1,1,1,1,1,0,0.00000,0,,136.44952,355.69180,0,
0,ASRF study,706,11.41919,881395332510,0.35583,0.67997,11.19226,0.22693,32,1,0.47225,0.50070,1,-0.83281,0.10254,0, ,0,,0.36438,0.96153,16.15464,1.00034,1,0.54782,0.94484,9.19175,1.00034,0,0,0.00000,12,5.54613,1,3.97097,0,0.00000,0,0,0,0,0,0,0.000,1,1,1,1,1,1,1,0,0.00000,0,,198.93289,133.55516,0,
0,ASRF study,726,11.74207,881398561572,0.44936,0.58086,11.48389,0.25818,33,1,0.44628,0.56230,1,-0.83281,0.10254,0, ,0,,0.36459,0.96141,15.81683,1.00034,1,0.54893,0.94497,9.32372,1.00034,1,0,0.00000,12,5.21608,1,4.32760,1,0.00000,0,0,0,0,0,0,0.000,1,1,1,1,1,1,1,0,0.00000,0,,156.94725,40.28889,0,
0,ASRF study,758,12.25977,881403738141,0.43969,0.60969,11.75842,0.50134,34,1,0.43043,0.47936,1,-0.83281,0.10254,0, ,0,,0.36556,0.96051,16.14654,1.00034,1,0.54998,0.94435,10.81344,1.00034,1,0,0.00000,12,5.23084,1,4.34439,1,0.00000,0,0,0,0,0,0,0.000,1,1,1,1,1,1,1,0,0.00000,0,,32.01167,247.25330,0,
0,ASRF study,774,12.51892,881406329176,0.45673,0.64328,12.27722,0.24170,35,1,0.48897,0.65756,1,-0.83281,0.10254,0, ,0,,0.36564,0.96068,15.93589,0.87534,1,0.54989,0.94439,10.75879,0.87534,1,0,0.00000,12,5.14523,1,4.41458,1,0.00000,0,0,0,0,0,0,0.000,1,1,1,1,1,1,1,0,0.00000,0,,40.72866,302.37943,0,
0,ASRF study,795,12.85864,881409726985,0.45882,0.66250,12.53516,0.32349,36,1,0.42978,0.75376,1,-0.83281,0.10254,0, ,0,,0.36491,0.96082,16.33560,0.87534,1,0.54875,0.94419,10.70014,0.87534,1,0,0.00000,12,5.25917,1,4.26989,1,0.00000,0,0,0,0,0,0,0.000,1,1,1,1,1,1,1,0,0.00000,0,,19.86225,277.74048,0,
0,ASRF study,814,13.16541,881412794341,0.37550,0.70421,12.92297,0.24243,37,1,0.33238,0.60320,1,-0.83281,0.10254,0, ,0,,0.36461,0.96100,16.50415,1.06284,1,0.54877,0.94440,11.54899,1.08367,1,0,0.00000,12,5.32231,1,4.62288,1,0.00000,0,0,0,0,0,0,0.000,1,1,1,1,1,1,1,0,0.00000,0,,114.88411,201.82510,0,
0,ASRF study,843,13.63489,881417489398,0.41553,0.58370,13.23022,0.40466,38,1,0.36487,0.37462,1,-0.83281,0.10254,0, ,0,,0.36761,0.96007,15.78672,1.14617,1,0.55222,0.94468,9.82245,1.16700,1,0,0.00000,12,5.00917,1,4.40395,1,0.00000,0,0,0,0,0,0,0.000,1,1,1,1,1,1,1,0,0.00000,0,,133.61694,67.45105,0,
0,ASRF study,860,13.90991,881420239234,0.45416,0.50484,13.69934,0.21057,39,1,0.45879,0.52568,1,-0.83281,0.10254,0, ,0,,0.36710,0.96006,15.70973,1.00034,1,0.55145,0.94431,10.35290,1.00034,1,0,0.00000,12,4.99421,1,4.44212,1,0.00000,0,0,0,0,0,0,0.000,1,1,1,1,1,1,1,0,0.00000,0,,94.68861,58.52005,0,
0,ASRF study,879,14.21741,881423314297,0.43736,0.51390,13.92590,0.29150,40,1,0.42754,0.47408,1,-0.83281,0.10254,0, ,0,,0.36817,0.95973,15.75355,1.16700,1,0.55287,0.94440,10.64179,1.16700,1,0,0.00000,12,4.79857,1,4.28979,1,0.00000,0,0,0,0,0,0,0.000,1,1,1,1,1,1,1,0,0.00000,0,,23.41994,203.33665,0,
0,ASRF study,909,14.70215,881428161548,0.35183,0.41195,14.28198,0.42017,41,1,0.36444,0.47130,1,-0.83281,0.10254,0, ,0,,0.36676,0.95996,15.97326,1.04200,1,0.55139,0.94444,11.21443,1.04200,1,0,0.00000,12,5.17864,1,4.68139,1,0.00000,0,0,0,0,0,0,0.000,1,1,1,1,1,1,1,0,0.00000,0,,151.27527,136.36108,0,
0,ASRF study,939,15.18762,881433016138,0.37422,0.48027,14.71863,0.46899,42,1,0.40003,0.56362,1,-0.83281,0.10254,0, ,0,,0.36824,0.95984,15.62962,1.16700,1,0.55298,0.94453,10.25490,1.16700,1,0,0.00000,12,5.11887,1,4.55580,1,0.00000,0,0,0,0,0,0,0.000,1,1,1,1,1,1,1,0,0.00000,0,,75.60230,292.27661,0,
0,ASRF study,959,15.51086,881436248746,0.38106,0.50385,15.20361,0.30725,43,1,0.30758,0.58953,1,-0.83281,0.10254,0, ,0,,0.36930,0.95960,15.82974,1.16700,1,0.55374,0.94440,10.77606,1.16700,1,0,0.00000,12,5.18204,1,4.50900,1,0.00000,0,0,0,0,0,0,0.000,1,1,1,1,1,1,1,0,0.00000,0,,25.68420,289.93039,0,
0,ASRF study,995,16.09351,881442075355,0.35380,0.56483,15.52698,0.56653,44,1,0.37616,0.54767,1,-0.83281,0.10254,0, ,0,,0.36918,0.95965,16.39853,1.06284,1,0.55363,0.94471,11.65058,1.04201,1,0,0.00000,12,5.52632,1,5.01642,1,0.00000,0,0,0,0,0,0,0.000,1,1,1,1,1,1,1,0,0.00000,0,,71.53114,240.80400,0,
0,ASRF study,1011,16.35229,881444663094,0.37150,0.55719,16.10925,0.24304,45,1,0.29472,0.59695,1,-0.83281,0.10254,0, ,0,,0.36900,0.96005,15.75078,1.16701,1,0.55360,0.94481,10.03682,1.16701,1,0,0.00000,12,5.25909,1,4.58672,1,0.00000,0,0,0,0,0,0,0.000,1,1,1,1,1,1,1,0,0.00000,0,,23.96869,19.05037,0,
0,ASRF study,1028,16.62720,881447411712,0.30967,0.52446,16.36841,0.25879,46,1,0.36404,0.48252,1,-0.83281,0.10254,0, ,0,,0.36942,0.95976,15.41545,1.16701,1,0.55413,0.94477,9.90171,1.16701,1,0,0.00000,12,5.29057,1,4.41597,1,0.00000,0,0,0,0,0,0,0.000,1,1,1,1,1,1,1,0,0.00000,0,,85.94654,157.04814,0,
0,ASRF study,1058,17.11243,881452264251,0.35046,0.58377,16.78882,0.32361,47,1,0.37847,0.47994,1,-0.83281,0.10254,0, ,0,,0.37025,0.95955,15.79063,1.16701,1,0.55436,0.94492,10.08109,1.16701,1,0,0.00000,12,5.35013,1,4.81271,1,0.00000,0,0,0,0,0,0,0.000,1,1,1,1,1,1,1,0,0.00000,0,,80.09093,310.68494,0,
0,ASRF study,1075,17.38696,881455010208,0.30723,0.64061,17.12854,0.25842,48,1,0.29121,0.66736,1,-0.83281,0.10254,0, ,0,,0.36958,0.95992,15.91447,1.16701,1,0.55411,0.94494,10.16482,1.16701,1,0,0.00000,12,5.49054,1,4.35446,1,0.00000,0,0,0,0,0,0,0.000,1,1,1,1,1,1,1,0,0.00000,0,,80.30954,226.44788,0,
0,ASRF study,1096,17.72693,881458410176,0.27607,0.66157,17.40344,0.32349,49,1,0.29768,0.80326,1,-0.83281,0.10254,0, ,0,,0.36875,0.96025,15.16401,1.00034,1,0.55223,0.94494,9.98105,1.00034,1,0,0.00000,12,5.38983,1,4.06019,1,0.00000,0,0,0,0,0,0,0.000,1,1,1,1,1,1,1,0,0.00000,0,,45.29305,208.28587,0,
0,ASRF study,1111,17.96924,881460832477,0.33965,0.74204,17.74329,0.22595,50,1,0.57008,0.73494,1,-0.83281,0.10254,0, ,0,,0.37044,0.96010,15.65907,1.00034,1,0.55385,0.94510,9.56173,1.00034,0,0,0.00000,12,5.19443,1,3.91439,0,0.00000,0,0,0,0,0,0,0.000,1,1,1,1,1,1,1,0,0.00000,0,,115.81477,314.64359,0,
0,ASRF study,1139,18.42249,881465364658,0.51213,0.57512,18.03406,0.38843,51,1,0.35272,0.77465,1,-0.83281,0.10254,0, ,0,,0.36980,0.96035,14.91779,1.00034,1,0.55362,0.94561,9.15166,1.00034,1,0,0.00000,12,5.43447,1,3.93925,1,0.00000,0,0,0,0,0,0,0.000,1,1,1,1,1,1,1,0,0.00000,0,,279.20795,37.74745,0,
0,ASRF study,1162,18.79407,881469081454,0.44067,0.76550,18.53577,0.25830,52,1,0.49810,0.85858,1,-0.83281,0.10254,0, ,0,,0.37024,0.96024,15.77115,0.87534,1,0.55465,0.94574,9.50964,0.87534,1,0,0.00000,12,5.40051,1,4.04399,1,0.00000,0,0,0,0,0,0,0.000,1,1,1,1,1,1,1,0,0.00000,0,,215.34094,244.86435,0,
0,ASRF study,1178,19.05420,881471682168,0.38749,0.81118,18.81067,0.24353,53,1,0.36783,0.76035,1,-0.83281,0.10254,0, ,0,,0.37021,0.96001,15.47230,1.00034,1,0.55459,0.94496,10.01861,1.00034,1,0,0.00000,12,5.41677,1,4.26941,1,0.00000,0,0,0,0,0,0,0.000,1,1,1,1,1,1,1,0,0.00000,0,,82.59299,214.49590,0,
0,ASRF study,1196,19.34448,881474584982,0.35048,0.75154,19.06958,0.27490,54,1,0.39260,0.75272,1,-0.83281,0.10254,0, ,0,,0.37020,0.96022,15.70106,1.16701,1,0.55456,0.94568,10.06306,1.16701,1,0,0.00000,12,5.54169,1,4.86835,1,0.00000,0,0,0,0,0,0,0.000,1,1,1,1,1,1,1,0,0.00000,0,,77.29098,127.80061,0,
0,ASRF study,1211,19.58704,881477010252,0.35613,0.77492,19.36060,0.22644,55,1,0.36768,0.88762,1,-0.83281,0.10254,0, ,0,,0.37004,0.96086,15.84903,1.16701,1,0.55481,0.94632,10.08793,1.16701,1,0,0.00000,12,5.71514,1,4.80974,1,0.00000,0,0,0,0,0,0,0.000,1,1,1,1,1,1,1,0,0.00000,0,,25.00957,286.80829,0,
0,ASRF study,1238,20.02380,881481378575,0.26150,0.84047,19.65137,0.37244,56,1,0.24273,0.79780,1,-0.83281,0.10254,0, ,0,,0.36981,0.96107,15.62008,1.16701,1,0.55458,0.94598,9.81144,1.16701,1,0,0.00000,12,5.65845,1,4.29761,1,0.00000,0,0,0,0,0,0,0.000,1,1,1,1,1,1,1,0,0.00000,0,,138.48152,208.99339,0,
0,ASRF study,1264,20.44434,881485583939,0.52037,0.84478,20.23401,0.21033,57,1,0.63607,0.95506,1,-0.83281,0.10254,0, ,0,,0.37003,0.96108,15.84878,1.16701,1,0.55477,0.94642,9.01029,1.16701,1,0,0.00000,12,5.65659,1,4.37533,1,0.00000,0,0,0,0,0,0,0.000,1,1,1,1,1,1,1,0,0.00000,0,,331.38300,359.23691,0,
0,ASRF study,1286,20.79968,881489137030,0.32774,0.82578,20.60608,0.19360,58,1,0.30662,0.82883,1,-0.83281,0.10254,0, ,0,,0.37052,0.96123,16.07670,1.16701,1,0.55538,0.94644,9.39655,1.16701,1,0,0.00000,12,5.66729,1,4.25567,1,0.00000,0,0,0,0,0,0,0.000,1,1,1,1,1,1,1,0,0.00000,0,,247.33284,175.48825,0,
0,ASRF study,1293,20.91296,881490270187,0.32226,0.82458,20.81702,0.09595,59,1,0.40385,0.80790,1,-0.83281,0.10254,0, ,0,,0.37068,0.96124,16.27141,1.16701,1,0.55588,0.94711,9.58072,1.16701,1,0,0.00000,12,5.55981,1,4.62849,1,0.00000,0,0,0,0,0,0,0.000,1,1,1,1,1,1,1,0,0.00000,0,,7.12122,170.06393,0,
0,ASRF study,1318,21.31775,881494317247,0.35820,0.82320,20.97791,0.33984,60,1,0.33250,0.79388,1,-0.83281,0.10254,0, ,0,,0.37160,0.96095,15.79866,1.16701,1,0.55635,0.94684,9.81541,1.16701,1,0,0.00000,12,5.77730,1,4.12069,1,0.00000,0,0,0,0,0,0,0.000,1,1,1,1,1,1,1,0,0.00000,0,,46.02494,1.75948,0,
0,ASRF study,1337,21.62463,881497386332,0.28671,0.84739,21.33374,0.29089,61,1,0.17623,0.85737,1,-0.83281,0.10254,0, ,0,,0.37027,0.96091,15.89040,1.16701,1,0.55444,0.94640,10.36768,1.16701,1,0,0.00000,12,5.59823,1,4.41044,1,0.00000,0,0,0,0,0,0,0.000,1,1,1,1,1,1,1,0,0.00000,0,,94.80061,195.14670,0,
0,ASRF study,1353,21.88367,881499976505,0.26999,0.87242,21.64111,0.24255,62,1,0.27166,0.86280,1,-0.83281,0.10254,0, ,0,,0.37144,0.96037,16.14614,1.16701,1,0.55560,0.94604,10.04101,1.16701,1,0,0.00000,12,5.71608,1,4.59904,1,0.00000,0,0,0,0,0,0,0.000,1,1,1,1,1,1,1,0,0.00000,0,,33.39107,230.13818,0,
0,ASRF study,1371,22.17493,881502889506,0.30252,1.03350,21.99658,0.17834,63,1,0.25106,1.46352,0,-0.83281,0.10254,0, ,0,,0.37184,0.96198,9.44698,1.16701,0,0.55635,0.94630,9.73632,1.16701,0,152,0.00000,11,4.88204,0,4.22158,0,0.00000,0,0,0,0,0,0,0.000,1,1,1,1,1,1,1,0,0.00000,0,,170.12024,284.16757,0,
0,ASRF study,1406,22.74109,881508551337,0.38540,0.48425,22.53076,0.21033,64,1,0.35979,0.46335,1,-0.83281,0.10254,0, ,0,,0.37130,0.95940,17.90010,1.06284,1,0.55565,0.94438,13.88339,1.04201,1,0,0.00000,12,5.69232,1,5.27301,1,0.00000,0,0,0,0,0,0,0.000,1,1,1,1,1,1,1,0,0.00000,0,,572.34955,79.31831,0,
0,ASRF study,1427,23.08069,881511947630,0.38583,0.47975,22.75720,0.32349,65,1,0.40775,0.43674,1,-0.83281,0.10254,0, ,0,,0.37151,0.95896,15.82551,1.00034,1,0.55627,0.94361,11.88688,1.00034,1,0,0.00000,12,5.10567,1,4.80581,1,0.00000,0,0,0,0,0,0,0.000,1,1,1,1,1,1,1,0,0.00000,0,,4.64075,83.18917,0,
0,ASRF study,1443,23.33899,881514529894,0.43420,0.43340,23.09680,0.24219,66,1,0.49694,0.52233,1,-0.83281,0.10254,0, ,0,,0.37271,0.95951,16.69869,1.00034,1,0.55700,0.94498,13.67266,1.00034,1,0,0.00000,12,5.00948,1,4.81615,1,0.00000,0,0,0,0,0,0,0.000,1,1,1,1,1,1,1,0,0.00000,0,,78.01268,37.47343,0,
0,ASRF study,1460,23.61426,881517282921,0.44686,0.46006,23.35547,0.25879,67,1,0.38537,0.44846,1,-0.83281,0.10254,0, ,0,,0.37179,0.95883,16.63647,1.00034,1,0.55606,0.94429,13.06668,1.00034,1,0,0.00000,12,5.08978,1,4.67955,1,0.00000,0,0,0,0,0,0,0.000,1,1,1,1,1,1,1,0,0.00000,0,,31.74706,300.69272,0,
0,ASRF study,1486,24.03503,881521491082,0.41413,0.44121,23.63013,0.40491,68,1,0.40460,0.44843,1,-0.83281,0.10254,0, ,0,,0.37206,0.95895,16.35546,1.00034,1,0.55633,0.94462,12.70912,1.00034,1,0,0.00000,12,5.34041,1,4.82220,1,0.00000,0,0,0,0,0,0,0.000,1,1,1,1,1,1,1,0,0.00000,0,,46.12720,155.26259,0,
0,ASRF study,1508,24.39038,881525043689,0.40143,0.50162,24.05066,0.33972,69,1,0.35675,0.53879,1,-0.83281,0.10254,0, ,0,,0.37183,0.95946,16.92372,1.00034,1,0.55620,0.94529,12.62736,1.00034,1,0,0.00000,12,5.37043,1,4.86922,1,0.00000,0,0,0,0,0,0,0.000,1,1,1,1,1,1,1,0,0.00000,0,,63.96011,255.27631,0,
0,ASRF study,1531,24.76331,881528774227,0.41317,0.59206,24.40662,0.35669,70,1,0.45883,0.54677,1,-0.83281,0.10254,0, ,0,,0.37260,0.95925,16.78838,1.00034,1,0.55691,0.94543,12.85182,1.00034,1,0,0.00000,11,5.28267,1,4.91916,1,0.00000,0,0,0,0,0,0,0.000,1,1,1,1,1,1,1,0,0.00000,0,,93.82185,279.21658,0,
0,ASRF study,1571,25.40955,881535235598,0.45737,0.55604,24.77893,0.63062,71,1,0.46506,0.60270,1,-0.83281,0.10254,0, ,0,,0.37339,0.95911,16.26855,1.00034,1,0.55753,0.94517,12.06930,1.00034,1,0,0.00000,11,5.45061,1,4.93312,1,0.00000,0,0,0,0,0,0,0.000,1,1,1,1,1,1,1,0,0.00000,0,,67.53748,33.10220,0,
0,ASRF study,1589,25.70081,881538149360,0.45148,0.58608,25.42566,0.27515,72,1,0.45005,0.64321,1,-0.83281,0.10254,0, ,0,,0.37364,0.95915,16.59208,1.00034,1,0.55760,0.94534,12.45483,1.00034,1,0,0.00000,11,5.60953,1,5.04247,1,0.00000,0,0,0,0,0,0,0.000,1,1,1,1,1,1,1,0,0.00000,0,,31.67140,256.22888,0,
0,ASRF study,1611,26.05676,881541708481,0.47379,0.67279,25.71692,0.33984,73,1,0.47231,0.71061,1,-0.83281,0.10254,0, ,0,,0.37312,0.95939,16.32560,0.89097,1,0.55737,0.94558,12.09505,0.90659,1,0,0.00000,10,5.55888,1,5.14776,1,0.00000,0,0,0,0,0,0,0.000,1,1,1,1,1,1,1,0,0.00000,0,,93.27022,287.82870,0,
0,ASRF study,1639,26.50989,881546239534,0.45298,0.65391,26.07239,0.43750,74,1,0.45116,0.58644,1,-0.83281,0.10254,0, ,0,,0.37244,0.96068,16.19880,1.16701,1,0.55669,0.94630,11.48064,1.16701,1,0,0.00000,10,5.83119,1,5.12940,1,0.00000,0,0,0,0,0,0,0.000,1,1,1,1,1,1,1,0,0.00000,0,,32.91334,144.02763,0,
0,ASRF study,1654,26.75232,881548662345,0.40004,0.56471,26.52576,0.22656,75,1,0.36727,0.57123,1,-0.83281,0.10254,0, ,0,,0.37369,0.96059,16.42783,1.16701,1,0.55791,0.94654,12.04434,1.16701,1,0,0.00000,10,5.75717,1,4.91104,1,0.00000,0,0,0,0,0,0,0.000,1,1,1,1,1,1,1,0,0.00000,0,,113.73207,126.57070,0,
0,ASRF study,1676,27.10803,881552221407,0.40634,0.61658,26.76843,0.33960,76,1,0.29276,0.71231,1,-0.83281,0.10254,0, ,0,,0.37362,0.96067,16.32080,1.16701,1,0.55770,0.94696,11.64652,1.16701,1,0,0.00000,10,6.12506,1,5.18436,1,0.00000,0,0,0,0,0,0,0.000,1,1,1,1,1,1,1,0,0.00000,0,,53.72353,278.63287,0,
0,ASRF study,1699,27.48010,881555940623,0.36347,0.67136,27.17224,0.30786,77,1,0.36196,0.77710,1,-0.83281,0.10254,0, ,0,,0.37321,0.96054,16.57649,1.16701,1,0.55697,0.94691,11.52009,1.16701,1,0,0.00000,10,6.05607,1,5.38784,1,0.00000,0,0,0,0,0,0,0.000,1,1,1,1,1,1,1,0,0.00000,0,,78.47124,225.63043,0,
0,ASRF study,1718,27.78699,881559010912,0.41153,0.69414,27.49573,0.29126,78,1,0.44448,0.73093,1,-0.83281,0.10254,0, ,0,,0.37443,0.96014,17.30306,1.16701,1,0.55837,0.94670,11.97111,1.16701,1,0,0.00000,10,6.20118,1,5.14944,1,0.00000,0,0,0,0,0,0,0.000,1,1,1,1,1,1,1,0,0.00000,0,,65.79096,339.23364,0,
0,ASRF study,1737,28.09460,881562087313,0.37503,0.72097,27.80334,0.29126,79,1,0.47828,0.69859,1,-0.83281,0.10254,0, ,0,,0.37432,0.96037,16.97954,1.16701,1,0.55844,0.94678,11.59217,1.16701,1,0,0.00000,10,6.09631,1,5.02881,1,0.00000,0,0,0,0,0,0,0.000,1,1,1,1,1,1,1,0,0.00000,0,,54.19933,210.45786,0,
0,ASRF study,1757,28.41809,881565321217,0.38792,0.74987,28.11096,0.30713,80,1,0.25907,0.77843,1,-0.83281,0.10254,0, ,0,,0.37464,0.96022,17.32302,1.16701,1,0.55893,0.94701,12.04536,1.16701,1,0,0.00000,10,6.33434,1,5.15889,1,0.00000,0,0,0,0,0,0,0.000,1,1,1,1,1,1,1,0,0.00000,0,,33.88223,299.14075,0,
0,ASRF study,1777,28.74133,881568552718,0.24759,0.78639,28.48254,0.25879,81,1,0.52953,0.76900,1,-0.83281,0.10254,0, ,0,,0.37607,0.96003,17.09091,1.16701,1,0.56001,0.94720,11.42058,1.16701,1,0,0.00000,10,6.13400,1,5.23979,1,0.00000,0,0,0,0,0,0,0.000,1,1,1,1,1,1,1,0,0.00000,0,,183.47397,191.76070,0,
0,ASRF study,1797,29.06506,881571791740,0.38419,0.90663,28.85486,0.21021,82,1,0.53766,0.79431,0,-0.83281,0.10254,0, ,0,,0.37507,0.96120,16.30713,1.00034,0,0.55930,0.94775,10.71424,1.00034,0,153,0.00000,10,6.23716,0,4.81274,0,0.00000,0,0,0,0,0,0,0.000,1,1,1,1,1,1,1,0,0.00000,0,,213.84985,324.84729,0,
0,ASRF study,1821,29.45300,881575671012,0.36233,0.92180,29.22693,0.22607,83,1,0.39098,0.98708,1,-0.83281,0.10254,0, ,0,,0.37529,0.96117,16.45366,1.00034,1,0.55945,0.94783,10.30858,1.00034,1,0,0.00000,11,6.16398,1,5.03510,1,0.00000,0,0,0,0,0,0,0.000,1,1,1,1,1,1,1,0,0.00000,0,,32.00366,209.03773,0,
0,ASRF study,1850,29.92468,881580386347,0.32536,0.94417,29.46936,0.45532,84,1,0.63866,1.13743,1,-0.83281,0.10254,0, ,0,,0.37588,0.96194,13.50594,1.00034,1,0.55990,0.94785,10.17049,1.00034,0,0,0.00000,11,5.43663,1,4.42207,0,0.00000,0,0,0,0,0,0,0.000,1,1,1,1,1,1,1,0,0.00000,0,,52.57428,205.83014,0,
0,ASRF study,1905,30.81189,881589258982,0.25524,0.84377,30.52039,0.29150,85,1,0.30443,0.86505,1,-0.83281,0.10254,0, ,0,,0.37506,0.95993,15.29589,0.87534,1,0.55890,0.94681,10.07325,0.87534,1,0,0.00000,12,5.64016,1,4.59873,1,0.00000,0,0,0,0,0,0,0.000,1,1,1,1,1,1,1,0,0.00000,0,,136.47536,131.12123,0,
0,ASRF study,1928,31.18347,881592975113,0.44234,0.90796,30.92517,0.25830,86,1,0.24553,0.73221,1,-0.83281,0.10254,0, ,0,,0.37570,0.95985,15.51239,1.05763,1,0.56013,0.94742,9.84330,1.09409,1,0,0.00000,12,5.51204,1,4.52156,1,0.00000,0,0,0,0,0,0,0.000,1,1,1,1,1,1,1,0,0.00000,0,,248.34453,344.65237,0,
0,ASRF study,1943,31.42639,881595405347,0.53269,0.91906,31.20007,0.22632,87,1,0.76154,1.01473,1,-0.83281,0.10254,0, ,0,,0.37582,0.96188,16.69707,1.00034,1,0.56004,0.94899,12.45670,1.00034,1,0,0.00000,12,5.81348,1,4.97688,1,0.00000,0,0,0,0,0,0,0.000,1,1,1,1,1,1,1,0,0.00000,0,,116.20524,354.38675,0,
0,ASRF study,1962,31.73352,881598475377,0.34536,0.93237,31.58826,0.14526,88,1,0.47901,0.94757,1,-0.83281,0.10254,0, ,0,,0.37517,0.96017,14.61739,1.00034,1,0.56056,0.94764,9.59280,1.00034,1,0,0.00000,12,5.16968,1,4.87700,1,0.00000,0,0,0,0,0,0,0.000,1,1,1,1,1,1,1,0,0.00000,0,,240.16942,183.25325,0,
0,ASRF study,1983,32.07336,881601874869,0.37302,0.78346,31.79871,0.27466,89,1,0.42074,0.62006,0,-0.83281,0.10254,0, ,0,,0.37518,0.96001,15.15954,1.00034,0,0.56024,0.94727,8.86584,1.00034,0,155,0.00000,12,5.52651,0,4.42577,0,0.00000,0,0,0,0,0,0,0.000,1,1,1,1,1,1,1,0,0.00000,0,,156.54013,76.92828,0,
0,ASRF study,2002,32.38049,881604944638,0.39459,0.78919,32.13806,0.24243,90,1,0.51063,0.75244,1,-0.83281,0.10254,0, ,0,,0.37581,0.96100,15.56064,1.00034,1,0.56048,0.94801,9.68756,1.00034,0,0,0.00000,13,5.86711,1,4.58433,0,0.00000,0,0,0,0,0,0,0.000,1,1,1,1,1,1,1,0,0.00000,0,,28.22620,348.00220,0,
0,ASRF study,2013,32.55823,881606723659,0.40842,0.78968,32.39709,0.16113,91,1,0.45562,0.69464,0,-0.83281,0.10254,0, ,0,,0.37567,0.96087,15.66939,1.00034,0,0.56075,0.94882,9.68688,1.00034,0,156,0.00000,13,5.75211,0,4.99458,0,0.00000,0,0,0,0,0,0,0.000,1,1,1,1,1,1,1,0,0.00000,0,,17.70950,358.37640,0,
0,ASRF study,2038,32.96301,881610770456,0.39226,0.92453,32.76892,0.19409,92,1,0.28789,0.97265,1,-0.83281,0.10254,0, ,0,,0.37573,0.96088,16.00074,1.00034,1,0.56030,0.94834,10.50738,1.00034,1,0,0.00000,13,6.06628,1,4.89619,1,0.00000,0,0,0,0,0,0,0.000,1,1,1,1,1,1,1,0,0.00000,0,,139.62709,261.48065,0,
0,ASRF study,2051,33.17346,881612874138,0.47572,0.86609,32.97888,0.19458,93,1,3.06252,0.12458,1,-0.83281,0.10254,0, ,0,,0.37526,0.96112,16.34831,1.00034,1,0.56021,0.94868,10.20443,1.00034,1,0,0.00000,13,6.30944,1,4.97025,1,0.00000,0,0,0,0,0,0,0.000,1,1,1,1,1,1,1,0,0.00000,0,,122.44806,29.25636,0,
0,ASRF study,2076,33.57727,881616911941,0.32057,0.95517,33.28650,0.29077,94,1,0.45967,0.98236,1,-0.83281,0.10254,0, ,0,,0.37673,0.96057,16.50598,0.89097,1,0.56099,0.94844,10.94161,0.87534,1,0,0.00000,13,6.28920,1,5.21365,1,0.00000,0,0,0,0,0,0,0.000,1,1,1,1,1,1,1,0,0.00000,0,,218.53941,204.67043,0,
0,ASRF study,2099,33.94934,881620634464,0.33807,0.98381,33.59338,0.35596,95,1,0.33831,1.03304,1,-0.83281,0.10254,0, ,0,,0.37534,0.96100,16.24000,0.87534,1,0.55968,0.94834,10.84422,0.87534,1,0,0.00000,13,6.17928,1,5.04694,1,0.00000,0,0,0,0,0,0,0.000,1,1,1,1,1,1,1,0,0.00000,0,,36.90335,307.37228,0,
0,ASRF study,2116,34.22473,881623387341,0.38787,1.00928,33.96545,0.25928,96,1,0.65043,1.15810,1,-0.83281,0.10254,0, ,0,,0.37544,0.96128,15.95848,0.87534,1,0.56062,0.94889,10.09325,0.87534,1,0,0.00000,13,6.32227,1,4.52787,1,0.00000,0,0,0,0,0,0,0.000,1,1,1,1,1,1,1,0,0.00000,0,,68.87330,337.74780,0,
0,ASRF study,2129,34.43469,881625487219,0.46815,1.02196,34.24060,0.19409,97,1,0.40705,1.03162,1,-0.83281,0.10254,0, ,0,,0.37538,0.96136,16.46946,0.87534,1,0.55964,0.94865,10.48477,0.87534,1,0,0.00000,13,6.40459,1,5.02371,1,0.00000,0,0,0,0,0,0,0.000,1,1,1,1,1,1,1,0,0.00000,0,,103.57545,352.79837,0,
0,ASRF study,2151,34.79065,881629046909,0.39335,1.01087,34.54822,0.24243,98,1,0.32582,1.03119,1,-0.83281,0.10254,0, ,0,,0.37537,0.96226,16.76439,0.87534,1,0.55979,0.94926,11.72375,0.87534,1,0,0.00000,13,6.35785,1,5.20687,1,0.00000,0,0,0,0,0,0,0.000,1,1,1,1,1,1,1,0,0.00000,0,,96.41512,173.23575,0,
0,ASRF study,2177,35.21106,881633250461,0.45919,0.99168,34.85510,0.35596,99,1,0.39747,0.89592,1,-0.83281,0.10254,0, ,0,,0.37560,0.96156,15.67586,0.87534,1,0.55994,0.94879,10.15157,0.87534,1,0,0.00000,13,6.02760,1,4.75482,1,0.00000,0,0,0,0,0,0,0.000,1,1,1,1,1,1,1,0,0.00000,0,,86.53582,13.12519,0,
0,ASRF study,2181,35.27600,881633899113,0.46872,0.99028,35.22742,0.04858,100,1,0.36046,1.01583,1,-0.83281,0.10254,0, ,0,,0.37573,0.96159,15.64976,0.87534,1,0.55996,0.94887,10.01012,0.87534,1,0,0.00000,13,5.87912,1,4.77152,1,0.00000,0,0,0,0,0,0,0.000,1,1,1,1,1,1,1,0,0.00000,0,,12.28238,6.70310,0,
0,ASRF study,2208,35.71252,881638265770,0.41603,0.95054,35.43762,0.27490,101,1,0.38961,0.96767,1,-0.83281,0.10254,0, ,0,,0.37593,0.96146,16.38928,0.87534,1,0.56054,0.94913,10.56047,0.87534,1,0,0.00000,13,6.25226,1,5.23963,1,0.00000,0,0,0,0,0,0,0.000,1,1,1,1,1,1,1,0,0.00000,0,,78.76909,148.89417,0,
0,ASRF study,2242,36.26331,881643772412,0.24658,0.91606,35.82678,0.43652,102,1,0.28411,0.83199,1,-0.83281,0.10254,0, ,0,,0.37425,0.96128,16.51277,1.00034,1,0.55836,0.94847,11.18942,1.00034,1,0,0.00000,13,6.16997,1,5.07305,1,0.00000,0,0,0,0,0,0,0.000,1,1,1,1,1,1,1,0,0.00000,0,,219.75096,170.75418,0,
0,ASRF study,2264,36.61804,881647320155,0.35158,0.89763,36.32727,0.29077,103,1,0.76787,0.83796,1,-0.83281,0.10254,0, ,0,,0.37669,0.96116,16.78755,1.00034,1,0.56096,0.94896,12.28141,1.00034,1,0,0.00000,13,6.09546,1,5.36153,1,0.00000,0,0,0,0,0,0,0.000,1,1,1,1,1,1,1,0,0.00000,0,,135.71854,7.99316,0,
0,ASRF study,2282,36.90955,881650236134,0.34578,0.86776,36.63440,0.27515,104,1,0.25725,0.78316,1,-0.83281,0.10254,0, ,0,,0.37663,0.96114,16.55037,1.00034,1,0.56120,0.94915,11.63484,1.00034,1,0,0.00000,13,6.15129,1,5.26305,1,0.00000,0,0,0,0,0,0,0.000,1,1,1,1,1,1,1,0,0.00000,0,,31.47494,103.64294,0,
0,ASRF study,2301,37.21667,881653307101,0.38976,0.84031,36.97424,0.24243,105,1,0.56433,0.90209,1,-0.83281,0.10254,0, ,0,,0.37235,0.96591,16.80672,1.00034,1,0.55658,0.95328,12.20155,1.00034,1,0,0.00000,13,5.94440,1,5.43831,1,0.00000,0,0,0,0,0,0,0.000,1,1,1,1,1,1,1,0,0.00000,0,,62.92191,26.53379,0,
0,ASRF study,2316,37.45959,881655735516,0.45972,0.87607,37.23303,0.22656,106,1,0.44543,0.96345,1,-0.83281,0.10254,0, ,0,,0.37142,0.96864,16.74665,1.00034,1,0.55515,0.95611,11.65304,1.00034,1,0,0.00000,13,6.08857,1,5.28154,1,0.00000,0,0,0,0,0,0,0.000,1,1,1,1,1,1,1,0,0.00000,0,,96.74651,337.75937,0,
0,ASRF study,2345,37.92810,881660421521,0.37922,0.90977,37.47522,0.45288,107,1,0.22975,0.91168,1,-0.83281,0.10254,0, ,0,,0.38145,0.96916,16.58388,1.00034,1,0.56332,0.95955,11.96093,1.00034,1,0,0.00000,13,6.33985,1,5.21799,1,0.00000,0,0,0,0,0,0,0.000,1,1,1,1,1,1,1,0,0.00000,0,,108.66505,198.51605,0,
0,ASRF study,2364,38.23547,881663496192,0.32788,0.91001,37.94470,0.29077,108,1,0.27934,0.96697,1,-0.83281,0.10254,0, ,0,,0.38914,0.97165,16.30934,1.00034,1,0.57113,0.96499,11.11753,1.00034,1,0,0.00000,13,6.01714,1,5.29334,1,0.00000,0,0,0,0,0,0,0.000,1,1,1,1,1,1,1,0,0.00000,0,,65.71567,180.21425,0,
0,ASRF study,2379,38.47839,881665923931,0.40093,0.94742,38.25208,0.22632,109,1,0.44579,0.94427,1,-0.83281,0.10254,0, ,0,,0.39458,0.98610,15.78981,1.00034,1,0.57569,0.98036,10.84617,1.00034,1,0,0.00000,13,6.15902,1,5.29754,1,0.00000,0,0,0,0,0,0,0.000,1,1,1,1,1,1,1,0,0.00000,0,,101.04694,337.72147,0,
0,ASRF study,2395,38.73718,881668512314,0.51973,0.96758,38.54309,0.19409,110,1,0.37598,0.95450,1,-0.83281,0.10254,0, ,0,,0.40564,0.99143,16.22726,1.00034,1,0.58623,0.98522,12.21636,1.00034,1,0,0.00000,13,6.40754,1,5.13617,1,0.00000,0,0,0,0,0,0,0.000,1,1,1,1,1,1,1,0,0.00000,0,,153.45891,352.26892,0,
0,ASRF study,2412,39.01184,881671258652,0.46871,1.00773,38.75330,0.25854,111,1,0.51229,1.07040,1,-0.83281,0.10254,0, ,0,,0.41164,0.98989,17.14393,0.77812,1,0.59262,0.98700,12.62372,0.77812,1,0,0.00000,13,6.35961,1,5.28194,1,0.00000,0,0,0,0,0,0,0.000,1,1,1,1,1,1,1,0,0.00000,0,,77.16961,212.19273,0,
0,ASRF study,2428,39.27112,881673850371,0.43454,1.03974,39.02844,0.24268,112,1,0.41463,0.95537,1,-0.83281,0.10254,0, ,0,,0.40786,0.98842,16.15690,0.77812,1,0.58940,0.98498,11.85008,0.77812,1,0,0.00000,13,6.11411,1,4.83465,1,0.00000,0,0,0,0,0,0,0.000,1,1,1,1,1,1,1,0,0.00000,0,,54.65701,216.84892,0,
0,ASRF study,2445,39.54553,881676594604,0.38611,0.96976,39.28723,0.25830,113,1,0.48112,0.84497,1,-0.83281,0.10254,0, ,0,,0.40702,0.98640,15.51587,1.00034,1,0.58884,0.98214,10.44234,1.00034,1,0,0.00000,12,5.95534,1,4.79580,1,0.00000,0,0,0,0,0,0,0.000,1,1,1,1,1,1,1,0,0.00000,0,,94.75171,130.86206,0,
0,ASRF study,2452,39.65881,881677728584,0.54081,0.93917,39.61047,0.04834,114,1,0.81335,0.93108,1,-0.83281,0.10254,0, ,0,,0.40622,0.98615,15.79408,1.00034,1,0.58897,0.98223,10.91044,1.00034,1,0,0.00000,12,6.02200,1,4.88056,1,0.00000,0,0,0,0,0,0,0.000,1,1,1,1,1,1,1,0,0.00000,0,,200.47827,8.98913,0,
0,ASRF study,2469,39.93420,881680481693,0.41258,0.87196,39.72400,0.21021,115,1,0.43431,0.90799,1,-0.83281,0.10254,0, ,0,,0.40612,0.98494,16.21645,1.00034,1,0.58829,0.98113,11.90406,1.00034,1,0,0.00000,12,6.18732,1,5.44515,1,0.00000,0,0,0,0,0,0,0.000,1,1,1,1,1,1,1,0,0.00000,0,,177.97954,157.25125,0,
0,ASRF study,2484,40.17664,881682906758,0.37218,0.87832,39.94983,0.22681,116,1,0.31705,0.90211,1,-0.83281,0.10254,0, ,0,,0.40593,0.98374,16.16599,1.00034,1,0.58850,0.97997,12.09625,1.00034,1,0,0.00000,12,6.09353,1,4.70892,1,0.00000,0,0,0,0,0,0,0.000,1,1,1,1,1,1,1,0,0.00000,0,,52.12049,187.17805,0,
0,ASRF study,2516,40.69421,881688082107,0.44326,0.94374,40.28943,0.40479,117,1,0.56432,1.05808,1,-0.83281,0.10254,0, ,0,,0.40508,0.98167,16.81693,1.00034,1,0.58788,0.97880,11.79773,1.00034,1,0,0.00000,11,6.60493,1,5.35451,1,0.00000,0,0,0,0,0,0,0.000,1,1,1,1,1,1,1,0,0.00000,0,,112.98438,323.63586,0,
0,ASRF study,2549,41.22815,881693421628,0.47290,1.03261,40.71008,0.51807,118,1,0.40804,1.02675,1,-0.83281,0.10254,0, ,0,,0.40315,0.97947,15.95667,0.87534,1,0.58720,0.97651,11.04327,0.87534,1,0,0.00000,11,6.06805,1,4.80371,1,0.00000,0,0,0,0,0,0,0.000,1,1,1,1,1,1,1,0,0.00000,0,,98.59471,292.63129,0,
0,ASRF study,2568,41.53552,881696496290,0.43616,0.97285,41.24426,0.29126,119,1,0.39749,0.95429,1,-0.83281,0.10254,0, ,0,,0.40186,0.97683,16.38682,0.87534,1,0.58621,0.97421,11.42038,0.87534,1,0,0.00000,11,6.07752,1,4.83008,1,0.00000,0,0,0,0,0,0,0.000,1,1,1,1,1,1,1,0,0.00000,0,,77.17706,127.54194,0,
0,ASRF study,2589,41.87488,881699890200,0.33751,0.99523,41.64832,0.22656,120,1,0.51787,1.09768,1,-0.83281,0.10254,0, ,0,,0.40139,0.97697,17.22855,1.02117,1,0.58604,0.97481,13.22370,1.00555,1,0,0.00000,11,6.15518,1,5.16609,1,0.00000,0,0,0,0,0,0,0.000,1,1,1,1,1,1,1,0,0.00000,0,,128.33476,190.28665,0,
0,ASRF study,2607,42.16589,881702798743,0.52263,1.20675,41.93982,0.22607,121,1,0.49909,1.27482,1,-0.83281,0.10254,0, ,0,,0.39599,0.97928,14.39355,1.10972,1,0.58342,0.97758,7.58974,1.09409,1,0,0.00000,11,5.72782,1,3.80689,1,0.00000,0,0,0,0,0,0,0.000,1,1,1,1,1,1,1,0,0.00000,0,,321.03122,317.56995,0,
0,ASRF study,2612,42.24695,881703610028,0.51305,1.32648,42.18225,0.06470,122,1,0.27726,1.56127,1,-0.83281,0.10254,0, ,0,,0.39265,0.98018,12.63059,1.05763,1,0.57871,0.97588,6.45998,1.09409,1,0,0.00000,11,5.36145,1,2.96716,1,0.00000,0,0,0,0,0,0,0.000,1,1,1,1,1,1,1,0,0.00000,0,,123.21520,264.28848,0,
0,ASRF study,2654,42.92590,881710400454,0.50804,1.10887,42.45740,0.46851,123,1,0.45406,1.08202,1,-0.83281,0.10254,0, ,0,,0.38820,0.98253,14.78658,1.16701,1,0.57955,0.97599,6.73534,1.16701,0,0,0.00000,11,6.10431,1,2.68784,0,0.00000,0,0,0,0,0,0,0.000,1,1,1,1,1,1,1,0,0.00000,0,,222.92490,91.64845,0,
0,ASRF study,2677,43.29797,881714119149,0.52322,1.16332,42.99084,0.30713,124,1,0.50719,1.14583,1,-0.83281,0.10254,0, ,0,,0.38901,0.98122,15.31812,1.16701,1,0.57587,0.97497,10.36487,1.16701,1,0,0.00000,11,6.07334,1,4.70491,1,0.00000,0,0,0,0,0,0,0.000,1,1,1,1,1,1,1,0,0.00000,0,,59.04534,289.21271,0,
0,ASRF study,2705,43.75134,881718652977,0.53456,1.18285,43.41150,0.33984,125,1,0.53459,1.25197,1,-0.83281,0.10254,0, ,0,,0.39127,0.98071,14.94068,1.10451,1,0.57655,0.97501,9.96707,1.12534,0,0,0.00000,11,6.40554,1,4.71511,0,0.00000,0,0,0,0,0,0,0.000,1,1,1,1,1,1,1,0,0.00000,0,,24.71117,305.97229,0,
0,ASRF study,2729,44.14026,881722542195,0.56299,1.18257,43.76746,0.37280,126,1,0.57512,1.22209,1,-0.83281,0.10254,0, ,0,,0.39211,0.98024,15.40143,1.10451,1,0.57863,0.97523,10.06628,1.12535,1,0,0.00000,11,6.21724,1,4.58197,1,0.00000,0,0,0,0,0,0,0.000,1,1,1,1,1,1,1,0,0.00000,0,,36.39151,0.45146,0,
0,ASRF study,2757,44.59192,881727059242,0.56921,1.21448,44.15564,0.43628,127,1,0.54446,1.21769,1,-0.83281,0.10254,0, ,0,,0.39058,0.98011,14.52448,1.00035,1,0.57859,0.97518,10.20942,1.00035,0,0,0.00000,12,6.26860,1,4.98463,0,0.00000,0,0,0,0,0,0,0.000,1,1,1,1,1,1,1,0,0.00000,0,,33.63186,283.69351,0,
0,ASRF study,2778,44.93152,881730454801,0.55079,1.20655,44.60852,0.32300,128,1,0.64439,1.34186,1,-0.83281,0.10254,0, ,0,,0.39281,0.98138,16.02769,1.10972,1,0.57899,0.97636,10.11507,1.09410,0,0,0.00000,12,6.29658,1,5.05538,0,0.00000,0,0,0,0,0,0,0.000,1,1,1,1,1,1,1,0,0.00000,0,,24.93677,160.99576,0,
0,ASRF study,2797,45.23938,881733535237,0.59800,1.28270,44.99646,0.24292,129,1,0.58674,1.09708,1,-0.83281,0.10254,0, ,0,,0.39189,0.97963,14.48435,1.10451,1,0.57729,0.97482,8.36040,1.08368,0,0,0.00000,12,6.00458,1,3.82275,0,0.00000,0,0,0,0,0,0,0.000,1,1,1,1,1,1,1,0,0.00000,0,,98.65157,307.77393,0,
0,ASRF study,2813,45.49768,881736117608,0.48362,0.93241,45.30408,0.19360,130,1,0.35051,0.64884,1,-0.83281,0.10254,0, ,0,,0.39102,0.97962,14.83449,1.75035,1,0.57750,0.97415,9.01989,1.75035,0,0,0.00000,12,5.87016,1,4.62423,0,0.00000,0,0,0,0,0,0,0.000,1,1,1,1,1,1,1,0,0.00000,0,,387.42523,112.20342,0,
0,ASRF study,2835,45.85388,881739678894,0.44219,0.89899,45.65979,0.19409,131,1,0.69419,1.07385,1,-0.83281,0.10254,0, ,0,,0.38986,0.97988,14.78306,1.04202,1,0.57585,0.97436,9.51712,1.04202,0,0,0.00000,12,6.03494,1,4.95843,0,0.00000,0,0,0,0,0,0,0.000,1,1,1,1,1,1,1,0,0.00000,0,,63.11399,147.16463,0,
0,ASRF study,2844,46.00037,881741144244,0.50519,0.97944,45.87000,0.13037,132,1,0.51564,1.00517,0,-0.83281,0.10254,0, ,0,,0.39002,0.97974,14.76641,0.98472,0,0.57585,0.97436,9.51712,1.00035,0,158,0.00000,12,6.18600,0,4.95843,0,0.00000,0,0,0,0,0,0,0.000,1,1,1,1,1,1,1,0,0.00000,0,,115.27969,314.38821,0,
0,ASRF study,2871,46.43567,881745496835,0.46997,1.12206,46.06409,0.37158,133,1,0.50483,1.13990,0,-0.83281,0.10254,0, ,0,,0.39109,0.97943,15.53318,1.16702,0,0.57714,0.97386,10.85453,1.16702,0,0,0.00000,13,6.36871,0,5.52448,0,0.00000,0,0,0,0,0,0,0.000,1,1,1,1,1,1,1,0,0.00000,0,,152.84262,252.84518,0,
0,ASRF study,2884,46.64734,881747612750,0.49602,0.98135,46.50037,0.14697,134,1,0.51987,1.01815,0,-0.83281,0.10254,0, ,0,,0.39159,0.97891,14.58401,1.16702,0,0.57753,0.97337,10.22856,1.16702,0,0,0.00000,13,6.13303,0,5.11776,0,0.00000,0,0,0,0,0,0,0.000,1,1,1,1,1,1,1,0,0.00000,0,,147.89482,76.97022,0,
0,ASRF study,2906,47.00183,881751158800,0.47509,1.01984,46.71057,0.29126,135,1,0.50491,0.89023,1,-0.83281,0.10254,0, ,0,,0.38879,0.97966,14.91819,1.16702,1,0.57622,0.97368,10.30618,1.16702,0,0,0.00000,13,5.96401,1,5.37172,0,0.00000,0,0,0,0,0,0,0.000,1,1,1,1,1,1,1,0,0.00000,0,,47.65679,235.79517,0,
0,ASRF study,2923,47.27673,881753907954,0.49428,1.05015,47.06677,0.20996,136,1,0.56055,1.03414,1,-0.83281,0.10254,0, ,0,,0.38901,0.98021,15.96107,1.10452,1,0.57527,0.97419,11.70490,1.08368,1,0,0.00000,13,6.17615,1,5.20689,1,0.00000,0,0,0,0,0,0,0.000,1,1,1,1,1,1,1,0,0.00000,0,,39.58127,308.35828,0,
0,ASRF study,2958,47.84314,881759571874,0.50553,1.06428,47.29333,0.54980,137,1,0.47436,1.08516,1,-0.83281,0.10254,0, ,0,,0.38832,0.98000,14.83268,1.04202,1,0.57380,0.97394,10.28772,1.04202,1,0,0.00000,13,5.99578,1,4.90796,1,0.00000,0,0,0,0,0,0,0.000,1,1,1,1,1,1,1,0,0.00000,0,,20.41358,314.86276,0,
0,ASRF study,2975,48.11780,881762318150,0.54427,1.02748,47.90808,0.20972,138,1,0.49543,1.05813,1,-0.83281,0.10254,0, ,0,,0.38774,0.98023,15.22279,0.95348,1,0.57359,0.97400,10.25229,0.96910,1,0,0.00000,13,6.36652,1,5.23947,1,0.00000,0,0,0,0,0,0,0.000,1,1,1,1,1,1,1,0,0.00000,0,,62.28096,37.23259,0,
0,ASRF study,2996,48.45740,881765714883,0.51623,1.03403,48.13391,0.32349,139,1,0.55882,0.94326,1,-0.83281,0.10254,0, ,0,,0.38841,0.97985,15.34962,1.00035,1,0.57447,0.97393,10.42680,1.00035,0,0,0.00000,12,6.07071,1,5.09185,0,0.00000,0,0,0,0,0,0,0.000,1,1,1,1,1,1,1,0,0.00000,0,,36.51250,190.58504,0,
0,ASRF study,3016,48.78088,881768949451,0.52222,0.95621,48.47424,0.30664,140,1,0.48032,0.83718,1,-0.83281,0.10254,0, ,0,,0.38871,0.97944,15.42596,1.16702,1,0.57447,0.97393,10.42680,1.16702,0,0,0.00000,12,6.34508,1,5.09185,0,0.00000,0,0,0,0,0,0,0.000,1,1,1,1,1,1,1,0,0.00000,0,,80.05563,84.50414,0,
0,ASRF study,3024,48.91028,881770242933,0.55573,0.99274,48.79749,0.11279,141,1,0.58064,1.07540,0,-0.83281,0.10254,0, ,0,,0.38862,0.97983,15.21507,1.14619,0,0.57447,0.97393,10.42680,1.16702,0,159,0.00000,12,6.24666,0,5.09185,0,0.00000,0,0,0,0,0,0,0.000,1,1,1,1,1,1,1,0,0.00000,0,,56.91259,318.90836,0,
0,ASRF study,3065,49.57385,881776878066,0.58205,1.18266,49.36340,0.21045,142,1,0.66929,1.39663,1,-0.83281,0.10254,0, ,0,,0.38344,0.98232,13.25035,1.00035,1,0.56988,0.97372,9.33987,1.00035,0,0,0.00000,13,5.64092,1,4.52204,0,0.00000,0,0,0,0,0,0,0.000,1,1,1,1,1,1,1,0,0.00000,0,,197.37457,279.82788,0,
0,ASRF study,3168,51.23987,881793539154,0.65413,1.43432,50.60876,0.63110,143,1,0.62141,1.37669,1,-0.83281,0.10254,0, ,0,,0.37228,0.98501,14.77109,1.00035,1,0.56404,0.97226,10.13361,1.00035,0,0,0.00000,13,6.21772,1,3.54663,0,0.00000,0,0,0,0,0,0,0.000,1,1,1,1,1,1,1,0,0.00000,0,,273.71799,289.69852,0,
0,ASRF study,3187,51.54724,881796613097,0.62270,1.43210,51.25574,0.29150,144,1,0.53485,1.39040,1,-0.83281,0.10254,0, ,0,,0.36953,0.98562,14.47043,1.00035,1,0.55572,0.97310,8.69288,1.00035,1,0,0.00000,13,6.34267,1,4.09469,1,0.00000,0,0,0,0,0,0,0.000,1,1,1,1,1,1,1,0,0.00000,0,,40.29458,176.76599,0,
0,ASRF study,3207,51.87073,881799846520,0.60494,1.43774,51.56287,0.30786,145,1,0.62400,1.36353,1,-0.83281,0.10254,0, ,0,,0.37168,0.98492,14.70305,1.00035,1,0.55839,0.97345,8.34999,1.00035,1,0,0.00000,12,6.27369,1,3.92212,1,0.00000,0,0,0,0,0,0,0.000,1,1,1,1,1,1,1,0,0.00000,0,,23.45492,194.25444,0,
0,ASRF study,3224,52.14539,881802593531,0.61327,1.33929,51.88635,0.25903,146,1,0.55321,1.27181,1,-0.83281,0.10254,0, ,0,,0.37038,0.98464,14.82720,1.10452,1,0.55744,0.97187,11.41112,1.12535,1,0,0.00000,12,6.18612,1,4.41446,1,0.00000,0,0,0,0,0,0,0.000,1,1,1,1,1,1,1,0,0.00000,0,,101.37503,83.96258,0,
0,ASRF study,3239,52.38831,881805023671,0.54850,1.36943,52.16199,0.22632,147,1,0.57223,1.50751,1,-0.83281,0.10254,0, ,0,,0.37135,0.98667,14.92815,1.06286,1,0.55782,0.97482,10.59391,1.04202,1,0,0.00000,12,6.39843,1,5.07988,1,0.00000,0,0,0,0,0,0,0.000,1,1,1,1,1,1,1,0,0.00000,0,,88.46399,200.41881,0,
0,ASRF study,3252,52.59802,881807120742,0.60912,1.48898,52.45276,0.14526,148,1,0.61421,1.45972,0,-0.83281,0.10254,0, ,0,,0.37127,0.98645,15.21002,1.00036,0,0.55788,0.97399,10.88570,1.00036,0,160,0.00000,12,6.50235,0,4.94346,0,0.00000,0,0,0,0,0,0,0.000,1,1,1,1,1,1,1,0,0.00000,0,,144.93878,302.36792,0,
0,ASRF study,3270,52.88953,881810035779,0.60318,1.35903,52.66321,0.22632,149,1,0.64430,1.34439,1,-0.83281,0.10254,0, ,0,,0.37056,0.98575,14.23617,1.00036,1,0.55749,0.97346,8.71104,1.00036,0,0,0.00000,13,6.23569,1,4.17679,0,0.00000,0,0,0,0,0,0,0.000,1,1,1,1,1,1,1,0,0.00000,0,,133.28589,93.27018,0,
0,ASRF study,3289,53.19690,881813109270,0.54697,1.30197,52.90588,0.29102,150,1,0.50337,1.32545,1,-0.83281,0.10254,0, ,0,,0.36925,0.98736,13.82284,1.10452,1,0.55510,0.97410,9.59088,1.08369,1,0,0.00000,13,6.03488,1,4.59585,1,0.00000,0,0,0,0,0,0,0.000,1,1,1,1,1,1,1,0,0.00000,0,,92.68564,140.92003,0,
0,ASRF study,3303,53.42322,881815372983,0.59066,1.41856,53.21301,0.21021,151,1,0.61069,1.49513,1,-0.83281,0.10254,0, ,0,,0.36839,0.98986,12.26105,1.14619,1,0.55509,0.97472,9.16406,1.16702,0,0,0.00000,13,6.13924,1,4.00848,0,0.00000,0,0,0,0,0,0,0.000,1,1,1,1,1,1,1,0,0.00000,0,,131.83681,295.09909,0,
0,ASRF study,3312,53.56897,881816829925,0.62034,1.47844,53.43909,0.12988,152,1,0.61613,1.58684,0,-0.83281,0.10254,0, ,0,,0.36828,0.99001,12.38810,1.16702,0,0.55509,0.97472,9.16406,1.16702,0,161,0.00000,13,5.96170,0,4.00848,0,0.00000,0,0,0,0,0,0,0.000,1,1,1,1,1,1,1,0,0.00000,0,,72.13223,301.78119,0,
0,ASRF study,4020,65.02014,881931341650,0.61635,1.08737,64.74524,0.27490,153,1,0.60702,1.07426,1,-0.83281,0.10254,0, ,0,,0.58388,0.99487,12.01621,1.00036,1,0.55509,0.97472,9.16406,1.00036,0,0,0.00000,11,5.43275,1,4.00848,0,0.00000,0,0,0,0,0,0,0.000,1,1,1,1,1,1,1,0,0.00000,0,,400.48825,90.73067,0,
0,ASRF study,4031,65.19812,881933121605,0.46360,0.98512,65.08484,0.11328,154,1,0.16558,0.78460,0,-0.83281,0.10254,0, ,0,,0.58488,0.99629,12.13183,1.00036,0,0.55509,0.97472,9.16406,1.00036,0,162,0.00000,11,5.47359,0,4.00848,0,0.00000,0,0,0,0,0,0,0.000,1,1,1,1,1,1,1,0,0.00000,0,,221.79042,151.83025,0,
0,ASRF study,4078,65.95789,881940719122,0.70456,1.16583,65.65076,0.30713,155,1,0.68041,1.26796,1,-0.83281,0.10254,0, ,0,,0.58896,0.99394,13.43317,1.00036,1,0.55509,0.97472,9.16406,1.00036,0,0,0.00000,12,5.27407,1,4.00848,0,0.00000,0,0,0,0,0,0,0.000,1,1,1,1,1,1,1,0,0.00000,0,,359.68143,329.03763,0,
0,ASRF study,4093,66.20081,881943147766,0.65378,1.20868,65.97424,0.22656,156,1,0.45381,0.80095,1,-0.83281,0.10254,0, ,0,,0.40225,0.99512,13.53804,1.00036,1,0.58908,0.99337,13.56437,1.00036,1,0,0.00000,12,6.14940,1,5.08558,1,0.00000,0,0,0,0,0,0,0.000,1,1,1,1,1,1,1,0,0.00000,0,,78.42263,214.02206,0,
0,ASRF study,4117,66.58875,881947026775,0.44388,0.63916,66.26550,0.32324,157,1,0.48641,0.77809,1,-0.83281,0.10254,0, ,0,,0.40246,0.99510,11.87561,1.53161,1,0.58896,0.99333,11.93412,1.45869,1,0,0.00000,12,6.13582,1,5.18883,1,0.00000,0,0,0,0,0,0,0.000,1,1,1,1,1,1,1,0,0.00000,0,,642.10083,114.73528,0,
0,ASRF study,4125,66.71863,881948326278,0.61275,0.91826,66.65369,0.06494,158,1,0.92673,1.05884,1,-0.83281,0.10254,0, ,0,,0.40330,0.99571,13.01736,1.16702,0,0.59016,0.99404,12.35293,1.16702,1,0,0.00000,12,6.11091,0,5.23737,1,0.00000,0,0,0,0,0,0,0.000,1,1,1,1,1,1,1,0,0.00000,0,,358.33380,307.10077,0,
0,ASRF study,4154,67.18713,881953011924,0.43425,1.00972,66.97717,0.20996,159,1,0.43173,0.90007,1,-0.83281,0.10254,0, ,0,,0.40208,0.99357,14.36972,1.00036,1,0.58846,0.99087,11.86105,1.00036,1,0,0.00000,12,5.72594,1,4.83020,1,0.00000,0,0,0,0,0,0,0.000,1,1,1,1,1,1,1,0,0.00000,0,,246.92993,202.28896,0,
0,ASRF study,4168,67.41394,881955280286,0.56427,1.05683,67.20374,0.21021,160,1,0.56910,1.01565,1,-0.83281,0.10254,0, ,0,,0.40384,0.99476,13.20536,1.06286,1,0.59107,0.99312,11.75314,1.08369,1,0,0.00000,12,6.04104,1,4.98666,1,0.00000,0,0,0,0,0,0,0.000,1,1,1,1,1,1,1,0,0.00000,0,,173.27628,343.83505,0,
0,ASRF study,4181,67.62415,881957381941,0.45322,1.15416,67.43005,0.19409,161,1,0.34983,1.25202,1,-0.83281,0.10254,0, ,0,,0.40385,0.99482,13.04290,1.40036,0,0.58610,0.99352,10.36033,1.40036,1,0,0.00000,12,6.09131,0,4.51981,1,0.00000,0,0,0,0,0,0,0.000,1,1,1,1,1,1,1,0,0.00000,0,,173.60362,215.03665,0,
0,ASRF study,4238,68.54626,881966602358,1.35631,1.08728,68.36804,0.17822,162,1,-0.40750,1.07401,1,-0.83281,0.10254,0, ,0,,0.40385,0.99482,13.04290,1.40036,0,0.57857,0.99416,11.39283,1.40036,1,0,0.00000,11,6.09131,0,5.24841,1,0.00000,0,0,0,0,0,0,0.000,1,1,1,1,1,1,1,0,0.00000,0,,1157.98218,3.39055,0,
0,ASRF study,4251,68.75623,881968703120,-0.33188,1.16426,68.70789,0.04834,163,1,-0.29539,1.13943,1,-0.83281,0.10254,0, ,0,,0.40385,0.99482,13.04290,1.40036,0,0.57976,0.99418,11.27433,1.40036,1,0,0.00000,11,6.09131,0,5.13390,1,0.00000,0,0,0,0,0,0,0.000,1,1,1,1,1,1,1,0,0.00000,0,,2162.32056,182.08919,0,
0,ASRF study,4267,69.01526,881971292477,0.91535,1.00583,68.96643,0.04883,164,1,-0.27923,0.99687,1,-0.83281,0.10254,0, ,0,,0.40385,0.99482,13.04290,1.40036,0,0.57788,0.99425,11.23382,1.40036,1,0,0.00000,11,6.09131,0,5.36969,1,0.00000,0,0,0,0,0,0,0.000,1,1,1,1,1,1,1,0,0.00000,0,,1604.67627,5.80250,0,
0,ASRF study,4292,69.41931,881975334478,1.10669,1.20368,69.37097,0.04834,165,1,1.67396,1.29926,1,-0.83281,0.10254,0, ,0,,0.40385,0.99482,13.04290,1.40036,0,0.57812,0.99399,11.69666,1.40036,1,0,0.00000,11,6.09131,0,5.03387,1,0.00000,0,0,0,0,0,0,0.000,1,1,1,1,1,1,1,0,0.00000,0,,317.85144,320.40182,0,
0,ASRF study,4303,69.59753,881977114806,0.38268,1.25944,69.48425,0.11328,166,1,0.44821,1.25688,1,-0.83281,0.10254,0, ,0,,0.40385,0.99482,13.04290,1.40036,0,0.57878,0.99437,10.86227,1.40036,1,0,0.00000,11,6.09131,0,5.18962,1,0.00000,0,0,0,0,0,0,0.000,1,1,1,1,1,1,1,0,0.00000,0,,928.49011,183.52567,0,
0,ASRF study,4400,71.16614,881992802794,0.53658,0.97469,70.72961,0.43652,167,1,0.55798,1.03244,1,-0.83281,0.10254,0, ,0,,0.29593,0.95751,18.24742,0.81459,1,0.49536,0.92174,14.37574,0.80244,1,0,0.00000,12,5.83517,1,5.11742,1,0.00000,0,0,0,0,0,0,0.000,1,1,1,1,1,1,1,0,0.00000,0,,351.89069,55.95731,0,
0,ASRF study,4427,71.60291,881997170434,0.52894,1.03111,71.18250,0.42041,168,1,0.50605,0.98221,1,-0.83281,0.10254,0, ,0,,0.31730,0.94992,16.67338,1.00036,1,0.50880,0.92904,13.60718,1.00036,1,0,0.00000,12,6.19740,1,5.57041,1,0.00000,0,0,0,0,0,0,0.000,1,1,1,1,1,1,1,0,0.00000,0,,58.59591,260.39279,0,
0,ASRF study,4510,72.94519,882010591426,0.49155,0.99884,71.61926,1.32593,169,1,0.51696,1.07134,1,-0.83281,0.10254,0, ,0,,0.35431,0.98783,16.55734,1.00036,1,0.54247,0.97394,13.06589,1.00036,1,0,0.00000,12,6.28491,1,6.07507,1,0.00000,0,0,0,0,0,0,0.000,1,1,1,1,1,1,1,0,0.00000,0,,58.15879,145.37672,0,
0,ASRF study,4526,73.20422,882013181743,0.48720,1.05310,72.96179,0.24243,170,1,0.49244,1.10362,1,-0.83281,0.10254,0, ,0,,0.35412,0.98852,16.88728,1.00036,1,0.54207,0.97460,13.43263,1.00036,1,0,0.00000,12,6.38223,1,5.90776,1,0.00000,0,0,0,0,0,0,0.000,1,1,1,1,1,1,1,0,0.00000,0,,55.84055,264.27734,0,
0,ASRF study,4546,73.52771,882016417242,0.48957,1.15250,73.22034,0.30737,171,1,0.59950,1.27159,1,-0.83281,0.10254,0, ,0,,0.35822,0.98908,17.40459,1.16703,1,0.54650,0.97665,12.49968,1.16703,1,0,0.00000,12,6.39701,1,5.64265,1,0.00000,0,0,0,0,0,0,0.000,1,1,1,1,1,1,1,0,0.00000,0,,101.83084,271.70715,0,
0,ASRF study,4573,73.96448,882020784583,0.50888,1.25630,73.59216,0.37231,172,1,0.49495,1.18398,1,-0.83281,0.10254,0, ,0,,0.35692,0.98819,15.53323,1.00036,1,0.54526,0.97616,11.69146,1.00036,1,0,0.00000,12,5.99542,1,5.46044,1,0.00000,0,0,0,0,0,0,0.000,1,1,1,1,1,1,1,0,0.00000,0,,109.12712,283.09088,0,
0,ASRF study,4597,74.35217,882024662979,0.53011,1.11601,74.02869,0.32349,173,1,0.51717,1.14648,1,-0.83281,0.10254,0, ,0,,0.35834,0.98826,15.32829,1.00036,1,0.54656,0.97631,12.12152,1.00036,1,0,0.00000,12,6.31333,1,5.56617,1,0.00000,0,0,0,0,0,0,0.000,1,1,1,1,1,1,1,0,0.00000,0,,146.20456,79.28843,0,
0,ASRF study,4627,74.83777,882029518083,0.48510,1.11267,74.36877,0.46899,174,1,0.55292,1.32106,0,-0.83281,0.10254,0, ,0,,0.35799,0.98914,13.18380,1.00036,0,0.54614,0.97750,10.15240,1.00036,0,164,0.00000,12,5.82514,0,4.67744,0,0.00000,0,0,0,0,0,0,0.000,1,1,1,1,1,1,1,0,0.00000,0,,57.71422,176.60263,0,
0,ASRF study,4675,75.61414,882037281301,0.52769,1.14681,75.38733,0.22681,175,1,0.37372,1.18689,1,-0.83281,0.10254,0, ,0,,0.35403,0.99427,13.45872,1.16703,1,0.54288,0.98299,12.32132,1.16703,1,0,0.00000,13,6.37778,1,5.52036,1,0.00000,0,0,0,0,0,0,0.000,1,1,1,1,1,1,1,0,0.00000,0,,64.76165,327.32880,0,
0,ASRF study,4691,75.87292,882039869909,0.47032,1.11826,75.63025,0.24268,176,1,0.46030,1.05304,1,-0.83281,0.10254,0, ,0,,0.35130,0.99602,13.00466,1.00036,1,0.54113,0.98408,11.93996,1.00036,1,0,0.00000,13,6.24381,1,5.32348,1,0.00000,0,0,0,0,0,0,0.000,1,1,1,1,1,1,1,0,0.00000,0,,79.03918,158.29161,0,
0,ASRF study,4717,76.29358,882044076646,0.39475,1.16632,75.93738,0.35620,177,1,0.40415,1.18739,1,-0.83281,0.10254,0, ,0,,0.35280,0.99537,12.24324,1.00036,0,0.54345,0.98431,11.91665,1.00036,1,0,0.00000,13,6.18935,0,5.56740,1,0.00000,0,0,0,0,0,0,0.000,1,1,1,1,1,1,1,0,0.00000,0,,108.52911,206.96576,0,
0,ASRF study,4732,76.53577,882046497567,0.41123,1.15733,76.30969,0.22607,178,1,0.51842,1.12997,1,-0.83281,0.10254,0, ,0,,0.35768,0.99299,15.85694,1.00036,1,0.54639,0.98315,11.84138,1.00036,1,0,0.00000,13,6.15577,1,5.74919,1,0.00000,0,0,0,0,0,0,0.000,1,1,1,1,1,1,1,0,0.00000,0,,23.01560,23.57668,0,
0,ASRF study,4769,77.13416,882052482609,0.45726,1.09899,76.55237,0.58179,179,1,0.44224,1.01265,1,-0.83281,0.10254,0, ,0,,0.36417,0.99018,17.65680,1.10453,1,0.55269,0.98181,13.42830,1.12536,1,0,0.00000,13,6.05168,1,5.90711,1,0.00000,0,0,0,0,0,0,0.000,1,1,1,1,1,1,1,0,0.00000,0,,83.90638,45.39680,0,
0,ASRF study,4803,77.68445,882057985376,0.43921,1.05799,77.15051,0.53394,180,1,0.47195,1.06140,1,-0.83281,0.10254,0, ,0,,0.36302,0.98982,17.18984,1.13057,1,0.55201,0.98146,12.92200,1.09411,1,0,0.00000,13,6.26226,1,5.35834,1,0.00000,0,0,0,0,0,0,0.000,1,1,1,1,1,1,1,0,0.00000,0,,47.92134,118.82427,0,
0,ASRF study,4820,77.96033,882060743011,0.45368,1.11873,77.70032,0.26001,181,1,0.35671,1.13365,1,-0.83281,0.10254,0, ,0,,0.36524,0.98880,16.70447,1.16703,1,0.55367,0.98084,13.05830,1.16703,1,0,0.00000,13,6.19556,1,5.57505,1,0.00000,0,0,0,0,0,0,0.000,1,1,1,1,1,1,1,0,0.00000,0,,64.89692,286.58279,0,
0,ASRF study,4845,78.36340,882064774619,0.45930,1.13805,77.97522,0.38818,182,1,0.45006,1.15522,1,-0.83281,0.10254,0, ,0,,0.36339,0.99014,16.57934,1.00037,1,0.55127,0.98172,11.80556,1.00037,1,0,0.00000,13,5.94755,1,5.80033,1,0.00000,0,0,0,0,0,0,0.000,1,1,1,1,1,1,1,0,0.00000,0,,21.05095,289.98190,0,
0,ASRF study,4866,78.70325,882068172843,0.45716,1.15874,78.38000,0.32324,183,1,0.47554,1.23888,1,-0.83281,0.10254,0, ,0,,0.36464,0.98920,16.44941,1.16703,1,0.55264,0.98129,13.09626,1.16703,1,0,0.00000,13,6.16607,1,5.67342,1,0.00000,0,0,0,0,0,0,0.000,1,1,1,1,1,1,1,0,0.00000,0,,21.36299,262.63315,0,
0,ASRF study,4885,79.01086,882071249347,0.44084,1.15164,78.72058,0.29028,184,1,0.33083,1.04203,1,-0.83281,0.10254,0, ,0,,0.36504,0.98830,15.86165,1.10453,1,0.55265,0.98032,12.49870,1.08370,1,0,0.00000,13,5.95195,1,6.16008,1,0.00000,0,0,0,0,0,0,0.000,1,1,1,1,1,1,1,0,0.00000,0,,22.11862,160.81012,0,
0,ASRF study,4901,79.26941,882073833959,0.36152,1.03329,79.02698,0.24243,185,1,0.38824,1.02626,1,-0.83281,0.10254,0, ,0,,0.36570,0.98772,16.55995,1.06287,1,0.55366,0.97991,13.00826,1.04203,1,0,0.00000,13,6.11215,1,5.87571,1,0.00000,0,0,0,0,0,0,0.000,1,1,1,1,1,1,1,0,0.00000,0,,158.09927,129.95523,0,
0,ASRF study,4922,79.60925,882077232927,0.43660,1.08909,79.28577,0.32349,186,1,0.52696,1.11231,1,-0.83281,0.10254,0, ,0,,0.36654,0.98805,16.78918,1.16704,1,0.55450,0.98074,12.47128,1.16704,1,0,0.00000,13,5.87913,1,5.85949,1,0.00000,0,0,0,0,0,0,0.000,1,1,1,1,1,1,1,0,0.00000,0,,111.80590,329.26575,0,
0,ASRF study,4941,79.91663,882080305360,0.53663,1.09323,79.62561,0.29102,187,1,0.56033,1.03344,0,-0.83281,0.10254,0, ,0,,0.36734,0.98758,16.08688,1.00037,0,0.55550,0.98035,13.03435,1.00037,0,165,0.00000,13,5.93267,0,5.34616,0,0.00000,0,0,0,0,0,0,0.000,1,1,1,1,1,1,1,0,0.00000,0,,128.10849,358.10361,0,
0,ASRF study,4971,80.40173,882085157893,0.43339,1.00388,80.02966,0.37207,188,1,0.55519,1.01614,1,-0.83281,0.10254,0, ,0,,0.36638,0.98703,15.87763,1.00037,1,0.55422,0.97971,11.37353,1.00037,0,0,0.00000,14,6.00042,1,5.48745,0,0.00000,0,0,0,0,0,0,0.000,1,1,1,1,1,1,1,0,0.00000,0,,160.72987,145.30254,0,
0,ASRF study,5007,80.98401,882090979373,0.43772,1.00923,80.51453,0.46948,189,1,0.50113,1.07579,1,-0.83281,0.10254,0, ,0,,0.36715,0.98653,15.88307,1.02120,1,0.55569,0.97962,11.15010,1.04204,1,0,0.00000,14,5.89520,1,5.54276,1,0.00000,0,0,0,0,0,0,0.000,1,1,1,1,1,1,1,0,0.00000,0,,7.79302,315.33286,0,
0,ASRF study,5024,81.25916,882093730828,0.45723,0.97470,81.04871,0.21045,190,1,0.48526,1.08134,1,-0.83281,0.10254,0, ,0,,0.36651,0.98668,16.05106,0.95349,1,0.55576,0.97956,11.61539,0.96912,0,0,0.00000,14,5.82672,1,5.06007,0,0.00000,0,0,0,0,0,0,0.000,1,1,1,1,1,1,1,0,0.00000,0,,43.28836,54.76765,0,
0,ASRF study,5055,81.76038,882098744299,0.41976,1.06771,81.37219,0.38818,191,1,0.37000,1.11363,1,-0.83281,0.10254,0, ,0,,0.36663,0.98700,16.15532,1.00037,1,0.55444,0.97956,12.27431,1.00037,1,0,0.00000,14,6.13144,1,5.46378,1,0.00000,0,0,0,0,0,0,0.000,1,1,1,1,1,1,1,0,0.00000,0,,106.63683,243.27133,0,
0,ASRF study,5070,82.00281,882101168184,0.47119,1.06061,81.77747,0.22534,192,1,0.54797,1.05236,1,-0.83281,0.10254,0, ,0,,0.36788,0.98643,15.63727,1.00037,1,0.55602,0.97958,11.53547,1.00037,1,0,0.00000,14,5.93807,1,5.37657,1,0.00000,0,0,0,0,0,0,0.000,1,1,1,1,1,1,1,0,0.00000,0,,66.23071,6.30227,0,
0,ASRF study,5089,82.31042,882104243808,0.46286,1.01076,82.01892,0.29150,193,1,0.45607,1.03964,1,-0.83281,0.10254,0, ,0,,0.36782,0.98660,15.42345,1.10454,1,0.55610,0.97982,12.12800,1.08370,1,0,0.00000,14,5.90542,1,5.34649,1,0.00000,0,0,0,0,0,0,0.000,1,1,1,1,1,1,1,0,0.00000,0,,52.14819,101.79811,0,
0,ASRF study,5113,82.69836,882108124842,0.44035,0.98748,82.42346,0.27490,194,1,0.39985,0.88001,1,-0.83281,0.10254,0, ,0,,0.36713,0.98623,16.29046,1.16704,1,0.55529,0.97880,13.10965,1.16704,1,0,0.00000,13,5.70753,1,5.54022,1,0.00000,0,0,0,0,0,0,0.000,1,1,1,1,1,1,1,0,0.00000,0,,37.39600,140.39685,0,
0,ASRF study,5133,83.02185,882111359564,0.43633,0.89676,82.76306,0.25879,195,1,0.27158,0.91425,1,-0.83281,0.10254,0, ,0,,0.36705,0.98582,15.45627,1.00037,1,0.55522,0.97837,12.27565,1.00037,1,0,0.00000,13,5.37387,1,4.95304,1,0.00000,0,0,0,0,0,0,0.000,1,1,1,1,1,1,1,0,0.00000,0,,93.03968,93.17040,0,
0,ASRF study,5156,83.39392,882115078610,0.33361,0.84970,83.08655,0.30737,196,1,0.39264,0.78129,1,-0.83281,0.10254,0, ,0,,0.36749,0.98553,14.85307,1.00037,1,0.55584,0.97831,11.55257,1.00037,1,0,0.00000,13,5.07992,1,5.02385,1,0.00000,0,0,0,0,0,0,0.000,1,1,1,1,1,1,1,0,0.00000,0,,140.03438,159.87155,0,
0,ASRF study,5191,83.96008,882120741448,0.26780,0.90165,83.40979,0.55029,197,1,0.38646,0.94552,1,-0.83281,0.10254,0, ,0,,0.36773,0.98562,14.85572,1.00037,1,0.55598,0.97900,11.78616,1.00037,1,0,0.00000,13,5.48349,1,5.07598,1,0.00000,0,0,0,0,0,0,0.000,1,1,1,1,1,1,1,0,0.00000,0,,99.62804,212.27303,0,
0,ASRF study,5213,84.31555,882124295030,0.55773,1.06669,84.02478,0.29077,198,1,0.56236,1.10150,1,-0.83281,0.10254,0, ,0,,0.36805,0.98802,15.81072,1.10454,1,0.55648,0.98129,11.64198,1.12537,1,0,0.00000,13,5.56057,1,4.61305,1,0.00000,0,0,0,0,0,0,0.000,1,1,1,1,1,1,1,0,0.00000,0,,407.77966,335.51584,0,
0,ASRF study,5229,84.57458,882126886968,0.46707,1.07583,84.33191,0.24268,199,1,0.48119,1.10378,1,-0.83281,0.10254,0, ,0,,0.36654,0.98764,15.06373,0.90662,1,0.55453,0.98045,11.46174,0.90662,1,0,0.00000,13,5.52601,1,5.41969,1,0.00000,0,0,0,0,0,0,0.000,1,1,1,1,1,1,1,0,0.00000,0,,116.42162,184.61110,0,
0,ASRF study,5273,85.28625,882134003477,0.45190,1.04572,84.68787,0.59839,200,1,0.39664,1.08933,1,-0.83281,0.10254,0, ,0,,0.36958,0.98682,15.68467,1.10454,1,0.55780,0.98056,11.63753,1.12537,1,0,0.00000,13,5.66039,1,5.02685,1,0.00000,0,0,0,0,0,0,0.000,1,1,1,1,1,1,1,0,0.00000,0,,36.43755,122.20166,0,
0,ASRF study,5290,85.56091,882136749930,0.45315,1.07735,85.30286,0.25806,201,1,0.43116,1.05838,1,-0.83281,0.10254,0, ,0,,0.36909,0.98702,15.84234,1.16704,1,0.55759,0.98124,11.28074,1.16704,1,0,0.00000,13,5.77960,1,5.38488,1,0.00000,0,0,0,0,0,0,0.000,1,1,1,1,1,1,1,0,0.00000,0,,32.42865,272.82803,0,
0,ASRF study,5306,85.81995,882139339556,0.49013,1.15938,85.57751,0.24243,202,1,0.45783,1.20727,1,-0.83281,0.10254,0, ,0,,0.36931,0.98782,15.07788,0.95350,1,0.55820,0.98188,11.07843,0.96912,1,0,0.00000,13,5.72160,1,4.92968,1,0.00000,0,0,0,0,0,0,0.000,1,1,1,1,1,1,1,0,0.00000,0,,96.41743,299.40186,0,
0,ASRF study,5310,85.88464,882139986097,0.48916,1.17807,85.83582,0.04883,203,1,0.49894,1.21893,1,-0.83281,0.10254,0, ,0,,0.36926,0.98814,14.06375,1.00037,1,0.55746,0.98166,10.45738,1.00037,1,0,0.00000,13,5.83885,1,4.91960,1,0.00000,0,0,0,0,0,0,0.000,1,1,1,1,1,1,1,0,0.00000,0,,19.17878,266.28827,0,